,G_ROC_AUC,G_AP_AUC,D_ROC_AUC,D_AP_AUC,B_ROC_AUC,B_AP_AUC
0,0.7380716779103237,0.7650121263921068,0.8734569549560547,0.8715028494252441,0.7560493827160494,0.7758180920446986
1,0.7500410960228721,0.7675886204226483,0.8904895782470703,0.887681823920505,0.6562962962962963,0.6549379198621232
2,0.7589645736166757,0.7789837394115636,0.909332275390625,0.9135583783425962,0.6681481481481482,0.6969663368991346
3,0.7768921092412868,0.8033326078654116,0.9051017761230469,0.9107634161029957,0.6854320987654321,0.6970819280753948
4,0.7501394041560165,0.7607911269755929,0.8686180114746094,0.8656231780311912,0.7550617283950618,0.7816843199092253
