,G_ROC_AUC,G_AP_AUC,D_ROC_AUC,D_AP_AUC,B_ROC_AUC,B_AP_AUC
0,0.8918965089331472,0.9195533698905272,0.6293144226074219,0.6046980184677406,0.6661728395061729,0.671002051516538
1,0.8991229625236503,0.9289010327098102,0.6774749755859375,0.6563453764327709,0.6459259259259258,0.5969533243979851
2,0.887890049605317,0.9216798253030397,0.7010154724121094,0.6914532773687736,0.8118518518518517,0.7872817377609791
3,0.8780914684656518,0.9192815722515033,0.5936508178710938,0.5739263557063138,0.6479012345679013,0.6155652031962687
4,0.903013386022195,0.9293627928736555,0.5692596435546875,0.5464148404257158,0.6809876543209876,0.6554750302052295
