,G_ROC_AUC,G_AP_AUC,D_ROC_AUC,D_AP_AUC,B_ROC_AUC,B_AP_AUC
0,0.7742329548201606,0.780234847175268,0.9085350036621094,0.9084438114587309,0.7822222222222222,0.8049080491940224
1,0.7614851296861554,0.7821893919843554,0.9163284301757812,0.9187791767694863,0.6730864197530865,0.6503394625275675
2,0.7533465055487689,0.7634531919014984,0.8956985473632812,0.8921530045122849,0.6039506172839506,0.5942068862955819
3,0.7626068093692485,0.7815790844781181,0.8912696838378906,0.8954408516102603,0.6775308641975308,0.6918257105422826
4,0.8023942059442577,0.803911655285121,0.9213066101074219,0.9190411215108943,0.7570370370370371,0.7461146201888671
