,G_ROC_AUC,G_AP_AUC,D_ROC_AUC,D_AP_AUC,B_ROC_AUC,B_AP_AUC
0,0.9835879335860855,0.9874417972636211,0.8756105374084422,0.8724770779570838,0.9280823006121459,0.9017923923811445
1,0.984217898956963,0.9874964061106103,0.8717333593752706,0.8627904609928316,0.9273768735044993,0.9013338549476994
2,0.9827420240742047,0.9852195645637084,0.8710545111486159,0.8769398778140636,0.8953038857327401,0.8754718553785164
3,0.9848384388615496,0.9868677425178016,0.8770202702824096,0.8701014611479587,0.9222790035378223,0.8953527402852253
4,0.9822003016669613,0.9850395774700926,0.8714480900041278,0.8742699171156691,0.9004102464731873,0.8792344458146617
