,G_ROC_AUC,G_AP_AUC,D_ROC_AUC,D_AP_AUC,B_ROC_AUC,B_AP_AUC
0,0.7741750491386288,0.8428833302168989,0.5779485220807437,0.6057883548114283,0.74609375,0.7552311069348607
1,0.7722650017343046,0.8245638233784366,0.49596976205475174,0.5024127595768468,0.65625,0.6542585470192862
2,0.7631309978032143,0.8364182359287841,0.5027356015099131,0.503835594266369,0.7421875,0.7501467155639818
3,0.7517354607469071,0.8247827002534265,0.4983209408683489,0.5027468923562493,0.40625,0.43921966424490677
4,0.7759139784946236,0.8484265729976155,0.5862222905640349,0.6106372588086496,0.84375,0.7892377434656846
