,G_ROC_AUC,G_AP_AUC,D_ROC_AUC,D_AP_AUC,B_ROC_AUC,B_AP_AUC
0,0.9086636511824085,0.917064558836237,0.9406171905543637,0.9503992519225445,0.8181378781873431,0.7857022803804052
1,0.9073877859140325,0.9163387397871718,0.9372382796658,0.9478498515267115,0.8101200393417594,0.77946028215473
2,0.9074995634064384,0.9171886539676809,0.93863406239008,0.948875489166237,0.8144183320855537,0.7856632497862697
3,0.9062522415127598,0.9157644044708456,0.9360572478086624,0.9471289626967232,0.8182955857958634,0.7878547284187712
4,0.9065133587763914,0.916516774989003,0.9356342362509698,0.9465859546270915,0.8057119302417757,0.7803770893158082
