,G_ROC_AUC,G_AP_AUC,D_ROC_AUC,D_AP_AUC,B_ROC_AUC,B_AP_AUC
0,0.7306509423054689,0.7574625759807426,0.8948765135093576,0.9057168195921137,0.76953125,0.7065527166070644
1,0.7552919412648861,0.7692122660688276,0.9055758651990813,0.9159554765796364,0.796875,0.7721432207666475
2,0.7288935137010059,0.7447881429242069,0.8952038928378332,0.9048692193818573,0.65234375,0.6981586782892564
3,0.7224835241068331,0.7452462501062896,0.871637541480449,0.8771675237099539,0.73046875,0.7637292134135165
4,0.743901029020696,0.7716839569709388,0.8901493544178848,0.9019246366390588,0.72265625,0.8041682083116629
