,G_ROC_AUC,G_AP_AUC,D_ROC_AUC,D_AP_AUC,B_ROC_AUC,B_AP_AUC
0,0.7436466643542606,0.7617263261205114,0.8937232454204096,0.8992055901267766,0.7890625,0.8005886610666022
1,0.7019586079315527,0.7409524661551244,0.8784926662070129,0.8847923267416453,0.79296875,0.8069200186387686
2,0.7097444791305354,0.7364276954533885,0.8787034786533797,0.8872742237000656,0.83984375,0.8411946407350819
3,0.6936085096542952,0.7190614140441997,0.8824385791737144,0.8952929803899923,0.84765625,0.8483711883876358
4,0.7194797086368366,0.7525878023267878,0.8722253361838482,0.8819254081317071,0.525390625,0.5893077102635926
