,G_ROC_AUC,G_AP_AUC,D_ROC_AUC,D_AP_AUC,B_ROC_AUC,B_AP_AUC
0,0.981858225678562,0.9888322164714748,0.7711480803478143,0.7016212941948593,0.9236054197677661,0.9206907094803478
1,0.9814204801909033,0.9886542735205506,0.765696639734071,0.6892071091775218,0.9219857371441993,0.919083463926379
2,0.982127386097109,0.988773719587664,0.7758557243441471,0.7056371831750484,0.9211510811643986,0.917181394391666
3,0.9814771143010834,0.988686353854271,0.7703189602881324,0.695172474442806,0.9165405440319431,0.9138441092327634
4,0.9820905217500135,0.9883753832404301,0.7717997245392502,0.6955556709196895,0.9227990076481555,0.9196495668833584
