,G_ROC_AUC,G_AP_AUC,D_ROC_AUC,D_AP_AUC,B_ROC_AUC,B_AP_AUC
0,0.8840474786662192,0.8971395868506816,0.9284872214608457,0.9327309727751554,0.8679638173250539,0.8152547079764692
1,0.888266512527926,0.901693849945669,0.9122740765021111,0.9235150840560258,0.7866412765520178,0.7413556800329046
2,0.8896139313828874,0.9009814047959435,0.9398321247441284,0.9423338660524894,0.8696251434946639,0.807626823176145
3,0.8844433875514522,0.8970088625203668,0.8729390837433515,0.8967066147370449,0.6848853657462456,0.6210941166886008
4,0.884019364892214,0.8980164199232306,0.9250339097739506,0.9308801172055401,0.8502893615771936,0.7913123824570701
