,G_ROC_AUC,G_AP_AUC,D_ROC_AUC,D_AP_AUC,B_ROC_AUC,B_AP_AUC
0,0.800578101514626,0.8487965709601905,0.5539456649520588,0.6102688658884492,0.6484375,0.5777175888724801
1,0.794598219447335,0.8444783069065285,0.5488068015535637,0.5871036491335891,0.78515625,0.8037291548320961
2,0.7847658688865765,0.8422792142403656,0.560188193510945,0.6133051982554234,0.64453125,0.5874125635529424
3,0.8046502485836512,0.8574033968473346,0.5600046626752844,0.609997447924806,0.671875,0.6771402979438004
4,0.7875291941264886,0.8391140934844444,0.5635388713349636,0.6259359289388751,0.69140625,0.6883476437355748
