,G_ROC_AUC,G_AP_AUC,D_ROC_AUC,D_AP_AUC,B_ROC_AUC,B_AP_AUC
0,0.8763154756340874,0.902868846924738,0.6068382263183594,0.6580274918250585,0.7249382716049382,0.7003461228354159
1,0.8816885791735025,0.8926036366466961,0.6042861938476562,0.6434064840671061,0.8088888888888889,0.803627180199949
2,0.8936531624598305,0.9131201124982641,0.6137809753417969,0.6665249119944409,0.7555555555555556,0.7120910307500753
3,0.8649794197563894,0.886040212075198,0.5958347320556641,0.6334910897555801,0.8014814814814815,0.7815802907924088
4,0.8829359643383218,0.905627803965786,0.6126747131347656,0.6606670639955745,0.8024691358024691,0.8126404983286585
