,G_ROC_AUC,G_AP_AUC,D_ROC_AUC,D_AP_AUC,B_ROC_AUC,B_AP_AUC
0,0.816724630861018,0.8539822929671057,0.6074771881103516,0.7017042837367345,0.7851851851851851,0.7914415908177953
1,0.8166537200764548,0.8499713958156047,0.5683498382568359,0.6369265608071946,0.6437037037037037,0.6584476897131348
2,0.8363008422267275,0.8628200326855855,0.5833091735839844,0.6199664282633398,0.6864197530864197,0.658373920535778
3,0.8139623334805268,0.8528596594403828,0.5802268981933594,0.6691864537447514,0.762469135802469,0.789288409824974
4,0.8510502854159078,0.8825350850764586,0.6343345642089844,0.6871077275493986,0.7133333333333334,0.6842356844769172
