,G_ROC_AUC,G_AP_AUC,D_ROC_AUC,D_AP_AUC,B_ROC_AUC,B_AP_AUC
0,0.7628257602034918,0.8233806454936077,0.5376957455568177,0.6427018138081346,0.53515625,0.6061196326821328
1,0.7676933749566424,0.8290224142274778,0.5570012053511639,0.6687202527770684,0.6171875,0.6668977857442013
2,0.7586703665163603,0.8186105517813548,0.5457909434973041,0.6611734809651519,0.60546875,0.687268185377768
3,0.7791513469765291,0.830338048918889,0.5640448212062441,0.6397174382165232,0.67578125,0.7365167997711102
4,0.7654087177708406,0.8141844571754555,0.5704138372329502,0.678701107576751,0.765625,0.8218164940381958
