,G_ROC_AUC,G_AP_AUC,D_ROC_AUC,D_AP_AUC,B_ROC_AUC,B_AP_AUC
0,0.9701856767258749,0.9778607858167601,0.9339672679630852,0.9469806158857513,0.9014543532831286,0.8626779132162663
1,0.9722435507747796,0.9797851583830909,0.9390252478375574,0.9521906878768518,0.9172682608887128,0.8914282541288197
2,0.9678648897637577,0.9757724794548652,0.9314775392425824,0.946665107132125,0.9128949486942353,0.8846501415127503
3,0.9661758218106749,0.9751529129018923,0.9305274805857464,0.9469263890001799,0.9207631244403343,0.894762688610613
4,0.9687150329430279,0.9755179820614374,0.9361302218871397,0.9494683398321504,0.9224934337428985,0.8921265667915468
