,G_ROC_AUC,G_AP_AUC,D_ROC_AUC,D_AP_AUC,B_ROC_AUC,B_AP_AUC
0,0.7199005665394843,0.726163426471926,0.8056954082569034,0.7985987724013716,0.58203125,0.634056526470841
1,0.7209619609203377,0.7379267587058662,0.7106214750918894,0.770369676496713,0.609375,0.6145180447179196
2,0.7501907734998264,0.7415839292477859,0.8395568474362726,0.8412892570449699,0.55859375,0.5649790162135987
3,0.6326581107642502,0.6907569069328162,0.6628935372344382,0.7517860561876957,0.69140625,0.6844964882926335
4,0.7245184414383166,0.7452058786171551,0.8040659520538092,0.8230585363630665,0.796875,0.8351390467769778
