,G_ROC_AUC,G_AP_AUC,D_ROC_AUC,D_AP_AUC,B_ROC_AUC,B_AP_AUC
0,0.812560989709793,0.8472616735084234,0.6537938799906746,0.7204263790677954,0.73828125,0.8038675162349365
1,0.8181616371834894,0.8368460121811073,0.6385583404844222,0.6937587161695761,0.828125,0.8529743702934492
2,0.7542328592900913,0.7697041558723139,0.7797431560359322,0.8097010346747007,0.66796875,0.6339790088981899
3,0.7316776505954445,0.7427333351953914,0.7593464318133343,0.787717839203318,0.69140625,0.7135422700840567
4,0.7573361082206035,0.7694365279455958,0.7906756414898737,0.8185363198553727,0.80859375,0.8213567864883655
