,G_ROC_AUC,G_AP_AUC,D_ROC_AUC,D_AP_AUC,B_ROC_AUC,B_AP_AUC
0,0.7374540409295872,0.7277243743062044,0.9345489357691678,0.9373808246460085,0.97265625,0.9680884832079686
1,0.7505468840328362,0.7702967952488589,0.9076542279056156,0.9134897529504254,0.7734375,0.7759267566010988
2,0.7350815123135623,0.7471750543618487,0.9275598831355002,0.9275671723708766,0.87890625,0.8089749492710019
3,0.7574101052144757,0.7586649822973872,0.9399060520533131,0.9420709793549344,0.890625,0.8611031329781329
4,0.7493398080702971,0.758445984146201,0.914420067360777,0.9200578472842864,0.8359375,0.882994552293058
