,G_ROC_AUC,G_AP_AUC,D_ROC_AUC,D_AP_AUC,B_ROC_AUC,B_AP_AUC
0,0.7316526402985988,0.7516008091354658,0.853790283203125,0.8506214093604637,0.5555555555555556,0.5253621288749175
1,0.7232029756743776,0.7376732481264778,0.8562755584716797,0.8555636697434199,0.6269135802469136,0.6052044571701521
2,0.7377042311175862,0.7660956365843151,0.8341579437255859,0.862994870063021,0.5106172839506173,0.5997819308969838
3,0.7496059616630513,0.771288148753428,0.8595199584960938,0.8676490294728145,0.5928395061728395,0.5519603857042374
4,0.7293303121041486,0.7436091832357337,0.8260440826416016,0.831714497303127,0.5876543209876542,0.6277145593937228
