,G_ROC_AUC,G_AP_AUC,D_ROC_AUC,D_AP_AUC,B_ROC_AUC,B_AP_AUC
0,0.9750616730417061,0.9827563391892529,0.9280887936228222,0.9221624544535283,0.9802059981503503,0.9813410754449794
1,0.9769922971972493,0.9830666365163299,0.9125610274755224,0.889061752367096,0.9712069993100512,0.9719518187278077
2,0.9760958154171323,0.9830094877395154,0.9218461296127182,0.9032014485812186,0.9779502825853995,0.978013525704575
3,0.9739299259310946,0.9818318286933707,0.922195206620398,0.9071494417037331,0.976607272353606,0.9776095275946868
4,0.9738042345260487,0.9822494424163304,0.9344181891451188,0.9341919028074904,0.9837264866927966,0.9857756365399379
