,G_ROC_AUC,G_AP_AUC,D_ROC_AUC,D_AP_AUC,B_ROC_AUC,B_AP_AUC
0,0.6951254480286738,0.7255146361908151,0.875543772104305,0.8816759969049235,0.6796875,0.6674237772031889
1,0.7316522141288011,0.7546077874220896,0.9170192608171587,0.918265930691408,0.8046875,0.8251358306045806
2,0.7367741935483871,0.749482270936974,0.9186015942381238,0.9191729517531158,0.87109375,0.8132764804639804
3,0.7057763903341427,0.7344842227647108,0.8699981646916433,0.8799416880765656,0.830078125,0.8248513173280643
4,0.7262897444791305,0.7447587941347116,0.9185445508702834,0.9210935603975768,0.763671875,0.743056322332638
