,G_ROC_AUC,G_AP_AUC,D_ROC_AUC,D_AP_AUC,B_ROC_AUC,B_AP_AUC
0,0.7402537961443872,0.7445014558873145,0.9498939514160156,0.9494057494412612,0.8217283950617285,0.810976024551706
1,0.7410821630367865,0.7369442058174058,0.9360008239746094,0.9368238129633732,0.7293827160493828,0.6997805100224112
2,0.7496623679689539,0.741641626546856,0.9475593566894531,0.9436594014053077,0.8069135802469135,0.7676070046868576
3,0.7252658348616756,0.7254070744045434,0.9250831604003906,0.925282556881198,0.7728395061728395,0.6935104633600087
4,0.772830855216294,0.7631364310320577,0.9730033874511719,0.9743609499980213,0.7254320987654321,0.7301196298156102
