,G_ROC_AUC,G_AP_AUC,D_ROC_AUC,D_AP_AUC,B_ROC_AUC,B_AP_AUC
0,0.7521764776034733,0.7639039850093323,0.9225883483886719,0.9207044606033331,0.788641975308642,0.8159876638997733
1,0.746908128632163,0.7667891979004962,0.9237403869628906,0.9250378578165954,0.8303703703703704,0.8181755734188189
2,0.7822990565642436,0.7933758550618851,0.9506320953369141,0.9553754612297343,0.6938271604938272,0.6999808093309392
3,0.7635350960035325,0.7763644778409291,0.9244785308837891,0.9220807828420055,0.7888888888888888,0.7857888353612693
4,0.7810387785295037,0.7865280493929006,0.9466724395751953,0.9476479651813572,0.7772839506172838,0.8050970038311795
