,G_ROC_AUC,G_AP_AUC,D_ROC_AUC,D_AP_AUC,B_ROC_AUC,B_AP_AUC
0,0.9015124760486095,0.9096680963890493,0.9752237881582986,0.9769298233669735,0.9557592166879523,0.9418013403777968
1,0.8995214028745311,0.9072102853360848,0.9738732346292274,0.9756220461512375,0.9564433405264161,0.9429138571978093
2,0.8963429784371568,0.9079128405034432,0.971792766249346,0.9735333694547017,0.9403651737349716,0.9203435858859583
3,0.9014253850111218,0.9095802195283471,0.9759052131839931,0.977563352187337,0.959618655040296,0.9465328911320647
4,0.899552606521023,0.9085776666534938,0.9784481315126614,0.9800211165137893,0.9598147883912449,0.9471575850340813
