,G_ROC_AUC,G_AP_AUC,D_ROC_AUC,D_AP_AUC,B_ROC_AUC,B_AP_AUC
0,0.7481829111455637,0.7609712550416136,0.9312934875488281,0.9331730045924497,0.8074074074074074,0.7817439573431455
1,0.7482699380175278,0.7522873411832152,0.9306831359863281,0.932261493962814,0.8123456790123458,0.8128774999086144
2,0.7614754600337148,0.7604279560538207,0.9388999938964844,0.9427084430972577,0.8414814814814815,0.8319076603606324
3,0.7787551289448154,0.7938160265186006,0.9345207214355469,0.9390204494844832,0.8735802469135803,0.8099560130877423
4,0.7670709655792606,0.7580828481701525,0.9247589111328125,0.9238855501579323,0.7728395061728396,0.7647942071597911
