,G_ROC_AUC,G_AP_AUC,D_ROC_AUC,D_AP_AUC,B_ROC_AUC,B_AP_AUC
0,0.8081992206260133,0.8009788938581525,0.8106575012207031,0.8471025470650024,0.7190123456790123,0.717755816428552
1,0.856215491427853,0.8486021174781436,0.7517547607421875,0.7874797812325632,0.7249382716049383,0.7013678298037823
2,0.7786713252903313,0.7754154221140517,0.830841064453125,0.8441322373866673,0.6251851851851851,0.6240668233934026
3,0.7493722783957403,0.7353412034333168,0.8364410400390625,0.8460847397076533,0.6518518518518518,0.6385872338643831
4,0.8429745140193844,0.8451609699276739,0.7219924926757812,0.7570273294693859,0.7945679012345679,0.7241972308703933
