,G_ROC_AUC,G_AP_AUC,D_ROC_AUC,D_AP_AUC,B_ROC_AUC,B_AP_AUC
0,0.7212486992715921,0.7722235979835563,0.6310831791508971,0.7028209239268186,0.681640625,0.7666426136819641
1,0.7073210775812233,0.7443013380433162,0.8083938075703989,0.841019430352102,0.67578125,0.7365231359515583
2,0.7125263036189154,0.7324100661755875,0.8133689813046563,0.8357192605862274,0.6796875,0.7210439734667511
3,0.6954931205919759,0.7108178711707043,0.8133268188153828,0.8332851659216101,0.58984375,0.7379731122538695
4,0.7476448144294138,0.7714568823122433,0.7104106626455226,0.7663688869865237,0.72265625,0.8047146844701192
