,G_ROC_AUC,G_AP_AUC,D_ROC_AUC,D_AP_AUC,B_ROC_AUC,B_AP_AUC
0,0.8546909095597407,0.8498845021529042,0.8277339935302734,0.8404957632761172,0.8582716049382715,0.8950340861761747
1,0.8438770149138273,0.8287162301874214,0.8119239807128906,0.8219498377319554,0.8977777777777778,0.9226175289597429
2,0.8632195430122257,0.8629589872283092,0.7957839965820312,0.8010344076073278,0.8518518518518519,0.8168000380808431
3,0.8466425355117987,0.8629155650130748,0.7699699401855469,0.7957848581088087,0.8888888888888888,0.9113601540926992
4,0.8449052212899961,0.8412846149669051,0.8724899291992188,0.8831983261869314,0.8760493827160495,0.8697975358867942
