,G_ROC_AUC,G_AP_AUC,D_ROC_AUC,D_AP_AUC,B_ROC_AUC,B_AP_AUC
0,0.8104751994450226,0.8303690350824653,0.7624639758731355,0.7757308146962114,0.890625,0.9282342657342657
1,0.8371187420511041,0.8543356084961911,0.786280822019732,0.8172669580648134,0.78515625,0.852924771167048
2,0.8324754306856283,0.8515786587216178,0.8069478822029652,0.8221033275335132,0.8671875,0.8986091028854186
3,0.8318325818013643,0.8579070801041557,0.7140291962837486,0.7282295387704736,0.9375,0.9532440476190477
4,0.8346352179442709,0.8495078795789615,0.7776275911329805,0.7948688722165299,0.875,0.8615379669994608
