,G_ROC_AUC,G_AP_AUC,D_ROC_AUC,D_AP_AUC,B_ROC_AUC,B_AP_AUC
0,0.7958156190672654,0.8274317585301505,0.6867084503173828,0.7425783771639681,0.831111111111111,0.8371975120156764
1,0.5063432920009412,0.5363046768584334,0.5527305603027344,0.6016120609091349,0.5928395061728395,0.5969686878429727
2,0.7556704453519593,0.7973293853716402,0.6500816345214844,0.7266140439859244,0.7762962962962963,0.8214592838191356
3,0.7494883142250257,0.7878301946170283,0.6784744262695312,0.7287958920070647,0.7511111111111111,0.7523586186879698
4,0.7687486502776804,0.8014201289570492,0.6934642791748047,0.7525706744950864,0.8108641975308641,0.8522164341277613
