,G_ROC_AUC,G_AP_AUC,D_ROC_AUC,D_AP_AUC,B_ROC_AUC,B_AP_AUC
0,0.9735046903613844,0.971816227529624,0.9635644843089382,0.9658466315842261,0.9882046945875721,0.9847257168380972
1,0.975924468435684,0.9750874749979415,0.9624992840757071,0.9682566439635059,0.9871760308862171,0.9840894918931364
2,0.9708019124922961,0.967995261227708,0.9649395034414379,0.967885823736948,0.9864005871904404,0.9810531257213531
3,0.9741560747825467,0.9728311213353327,0.9605889186239962,0.9658670956659495,0.9880250260565758,0.9834726199928954
4,0.9726348695731215,0.9701897402004741,0.9660638084198341,0.9709536793198712,0.9867006062741299,0.9778536903725792
