,G_ROC_AUC,G_AP_AUC,D_ROC_AUC,D_AP_AUC,B_ROC_AUC,B_AP_AUC
0,0.801257948895826,0.8407460467028434,0.7602591256987812,0.7919164461026935,0.796875,0.7669648823921775
1,0.8476147531506533,0.8809312251562139,0.7459337999315478,0.7711231518906931,0.89453125,0.9074621659540139
2,0.8239519019539832,0.8540505728976575,0.7432800432537537,0.7530863950108431,0.8515625,0.8576133606575417
3,0.8127552318187073,0.8418300296401054,0.7443415459248715,0.7647483679442887,0.92578125,0.9205124736374737
4,0.8168898138513123,0.8462610569787283,0.7521986498082847,0.7760474368508454,0.87109375,0.9004271003251981
