,G_ROC_AUC,G_AP_AUC,D_ROC_AUC,D_AP_AUC,B_ROC_AUC,B_AP_AUC
0,0.9071015661468627,0.9136914078714418,0.9684504651787448,0.9721045698881757,0.9465417595161549,0.9358607020525099
1,0.912755073310423,0.9191259037533092,0.9719945802798134,0.9749386410224283,0.9496503691959897,0.9414055420600802
2,0.9130102330830674,0.9197807223573127,0.9744943519890952,0.97710949870233,0.9539087917088709,0.9471623947810335
3,0.9094941492776594,0.9177589738132366,0.975230225493415,0.9779060885883013,0.9564519604820833,0.9528942769376771
4,0.9106555103766809,0.9173602558080116,0.9734263480493094,0.9763759504123485,0.9565209553588467,0.9525321992869216
