,G_ROC_AUC,G_AP_AUC,D_ROC_AUC,D_AP_AUC,B_ROC_AUC,B_AP_AUC
0,0.8489406895751478,0.8667826512054085,0.8120231628417969,0.8119892065805485,0.9185185185185185,0.9385695939464525
1,0.8159156032734997,0.8259741612027345,0.8205451965332031,0.8284386495991085,0.7086419753086419,0.7807720292212789
2,0.8466876605565207,0.8667498629701125,0.806182861328125,0.8050595799071705,0.7925925925925926,0.8546511294750023
3,0.8318737530177374,0.8582398017809723,0.777587890625,0.7781028040760064,0.6962962962962963,0.7549591021169939
4,0.8822945440597714,0.8974628136715039,0.812042236328125,0.7871840249161608,0.8617283950617284,0.8998126133302548
