,G_ROC_AUC,G_AP_AUC,D_ROC_AUC,D_AP_AUC,B_ROC_AUC,B_AP_AUC
0,0.943299274608525,0.9575325914609163,0.9471739971398091,0.959810073883104,0.9775009762041074,0.9758661189893358
1,0.9429207354143707,0.9575734132010715,0.9477046001594606,0.9587890056408784,0.9749705142320284,0.9738902157020086
2,0.9338937786512491,0.9529844432814918,0.9436904445869811,0.9580628632171417,0.971450260565758,0.9714365832307605
3,0.9457499297243739,0.9582806110627214,0.9531124434471097,0.9633655222153775,0.9724059247515451,0.9729704057624802
4,0.9371351619509503,0.9537785306603116,0.9457934731688297,0.9593105009801948,0.9741927687497247,0.9742446011243204
