,G_ROC_AUC,G_AP_AUC,D_ROC_AUC,D_AP_AUC,B_ROC_AUC,B_AP_AUC
0,0.761941214959597,0.7789400104976304,0.9477443695068359,0.9488308464792273,0.7679012345679012,0.7435936237599965
1,0.739380304207266,0.7682324470083696,0.9355869293212891,0.9367735564956663,0.6454320987654322,0.6597510799358259
2,0.7206953124748187,0.7515654513092541,0.9299964904785156,0.9242511218662394,0.7713580246913581,0.7749813989663649
3,0.7332336284726139,0.7372263185516458,0.9392013549804688,0.9382852992562982,0.7471604938271605,0.7060592577170672
4,0.7282295833346764,0.7533577147081152,0.9266471862792969,0.9259399502470326,0.7604938271604939,0.7415028073143972
