,G_ROC_AUC,G_AP_AUC,D_ROC_AUC,D_AP_AUC,B_ROC_AUC,B_AP_AUC
0,0.783221181639496,0.8354830561361821,0.709698860620731,0.726666036549832,0.9453125,0.9628036437246963
1,0.7680471730835936,0.831230868064897,0.7075411332285059,0.7497226965185114,0.859375,0.8959140356769667
2,0.7971233668632212,0.8319965349000379,0.7247483891448951,0.7561263428733744,0.94140625,0.9599537037037038
3,0.7861116892126258,0.8411046551307397,0.711653216005873,0.748615325615368,1.0,1.0
4,0.7811122673141404,0.8244312802090235,0.7167821588186566,0.7322883404149033,0.875,0.883533306970807
