,G_ROC_AUC,G_AP_AUC,D_ROC_AUC,D_AP_AUC,B_ROC_AUC,B_AP_AUC
0,0.8794967912869985,0.8912192259987859,0.8108482360839844,0.8251005363851651,0.7896296296296296,0.826832145694578
1,0.8744653488004797,0.8876914889344028,0.8211479187011719,0.8330697518827024,0.8054320987654322,0.7398566127369371
2,0.8843606264645495,0.8970353721196521,0.8088417053222656,0.7952444585053968,0.8246913580246913,0.7492278705994265
3,0.8778336110672396,0.8978634516647932,0.8123722076416016,0.8088988449013519,0.7851851851851852,0.7928550680346647
4,0.8787038797868808,0.8986348703316869,0.7994728088378906,0.8059673391470673,0.7683950617283951,0.7428646994350095
