,G_ROC_AUC,G_AP_AUC,D_ROC_AUC,D_AP_AUC,B_ROC_AUC,B_AP_AUC
0,0.7372366747600879,0.7506162150505717,0.9136016190395881,0.9147852377446934,0.71875,0.7545586394284785
1,0.7364874551971327,0.7379226303495361,0.9336288014444374,0.9333020282806183,0.5703125,0.5301763727786325
2,0.7603352988784831,0.763745993235581,0.9370588439541471,0.937810187365723,0.52734375,0.495071153936643
3,0.7128431032489305,0.7305094670368738,0.9158883140460614,0.9150836883837362,0.62890625,0.6280313023609781
4,0.7642548271476471,0.779350016474119,0.938276595850219,0.9398582600998211,0.78515625,0.711959185138533
