,G_ROC_AUC,G_AP_AUC,D_ROC_AUC,D_AP_AUC,B_ROC_AUC,B_AP_AUC
0,0.7308451844143831,0.7380706981511505,0.9386858200108135,0.9406855511696162,0.66796875,0.7357480056567277
1,0.730752688172043,0.7321632696121155,0.9338445741836598,0.9357657854156493,0.72265625,0.6861231285162206
2,0.7082298531622153,0.707612763128185,0.9331054905481619,0.9349949314587678,0.68359375,0.70140629019396
3,0.7191721586310557,0.7259085109084289,0.9065580031845081,0.912241571702363,0.6015625,0.5457478183151858
4,0.7429020696034223,0.7390941213939666,0.9310370484273394,0.9299094949633783,0.82421875,0.82139096767096
