,G_ROC_AUC,G_AP_AUC,D_ROC_AUC,D_AP_AUC,B_ROC_AUC,B_AP_AUC
0,0.748759867074511,0.7527583780311338,0.8913345336914062,0.8778411091014084,0.7372839506172839,0.6744832473672672
1,0.7515866288046054,0.7635037442364482,0.9200019836425781,0.9189456912571556,0.8548148148148148,0.8254828263511949
2,0.7715351217892724,0.7696118618761009,0.8985023498535156,0.8895362413873499,0.8044444444444445,0.7914517654534919
3,0.7429355130878745,0.7549086137280863,0.8934745788574219,0.881490135627534,0.6898765432098766,0.7194003122690971
4,0.7369145428349487,0.7407829070996119,0.8804893493652344,0.8787470466786951,0.7446913580246914,0.6894705409973356
