,G_ROC_AUC,G_AP_AUC,D_ROC_AUC,D_AP_AUC,B_ROC_AUC,B_AP_AUC
0,0.8230227978172372,0.8222771745053523,0.7788238525390625,0.7992261826519651,0.868641975308642,0.8935861498664364
1,0.8139945656553284,0.818516339375398,0.7907066345214844,0.8091072130630552,0.7945679012345679,0.8036626384410177
2,0.8242024954149731,0.8363075829956452,0.7795982360839844,0.8029592465631317,0.7960493827160494,0.7997360518872381
3,0.822010707528469,0.8359462821525925,0.7528228759765625,0.785292468549181,0.8819753086419754,0.9069785702189734
4,0.8393290550493313,0.8570174214407418,0.7577400207519531,0.800632765469959,0.8893827160493828,0.9072407055070788
