,G_ROC_AUC,G_AP_AUC,D_ROC_AUC,D_AP_AUC,B_ROC_AUC,B_AP_AUC
0,0.7243866342929818,0.7420359330326005,0.8981899891369587,0.8935905160274008,0.859375,0.8849458527583527
1,0.7269372181755115,0.7414272954407763,0.9068829023665558,0.9133503756538169,0.65625,0.6062380180147123
2,0.7087432073072031,0.7309527217428968,0.8719971627124865,0.8724023781128858,0.8125,0.816424221203633
3,0.7283639727136085,0.7480714297347071,0.9014191397860131,0.9061535401395439,0.63671875,0.5827917864092066
4,0.7373106717539599,0.74604722047604,0.8809207295598732,0.8773032836339164,0.609375,0.5549242373231345
