,G_ROC_AUC,G_AP_AUC,D_ROC_AUC,D_AP_AUC,B_ROC_AUC,B_AP_AUC
0,0.8236882876633137,0.8424315748843554,0.7386892922158125,0.7540046663216675,0.78125,0.850074057886558
1,0.8108498092265001,0.8300122506724146,0.6931042008720195,0.7445013024886195,0.74609375,0.8383317170790874
2,0.7831888079546767,0.8188150848668568,0.65710239532542,0.7258341008164249,0.88671875,0.9274801587301588
3,0.8016325586773037,0.815166738330565,0.7180668746682803,0.7713360086680081,0.78125,0.8153169172261189
4,0.8406127876055035,0.8609733725871342,0.7137911022266754,0.7471353231339335,0.83203125,0.8535864120782599
