,G_ROC_AUC,G_AP_AUC,D_ROC_AUC,D_AP_AUC,B_ROC_AUC,B_AP_AUC
0,0.9715744714128033,0.977184369938534,0.9467894168768426,0.953416169805946,0.982294540596879,0.9861194776772411
1,0.9715146552760452,0.9780726741900906,0.9464828679324472,0.9526088165867189,0.9833106384228065,0.9869177201856225
2,0.9701064513111554,0.9776388657285904,0.9433948618030349,0.9491937233398794,0.9811151098780112,0.9852917131324321
3,0.9701752768655849,0.9769222128872477,0.9461887616015092,0.952785329160091,0.9808671158673538,0.98499327995721
4,0.9709164288585157,0.9779968199589297,0.9454772449093438,0.9491235304466263,0.9842339836467462,0.9877342636499105
