,G_ROC_AUC,G_AP_AUC,D_ROC_AUC,D_AP_AUC,B_ROC_AUC,B_AP_AUC
0,0.7905515088449533,0.8252336483345897,0.7325906121497413,0.7613425766132755,0.95703125,0.974537037037037
1,0.7943577292172506,0.827766709119237,0.7476351803810497,0.7782976940853567,0.85546875,0.9159386200716846
2,0.814956642386403,0.8512513597937775,0.7304527259289388,0.7655221159237541,0.8984375,0.913053334045182
3,0.8263845531275292,0.8557397281553575,0.764425771697561,0.7727191419455034,0.9609375,0.9668898809523809
4,0.8002034917331483,0.8438778730283458,0.7457552293887432,0.7649131261409324,0.77734375,0.8445719211344211
