,G_ROC_AUC,G_AP_AUC,D_ROC_AUC,D_AP_AUC,B_ROC_AUC,B_AP_AUC
0,0.9129761862118051,0.9196925296192741,0.9773333752998263,0.9796452065106079,0.9603206059805347,0.9549114416695388
1,0.9128152214729528,0.9198215274613677,0.9757299535494206,0.978195236242416,0.9611049749710074,0.9560276668187937
2,0.9145838915883654,0.9212719495139757,0.9775561363130795,0.9798335684887369,0.9582485635853848,0.9472602785783728
3,0.9127227163825776,0.9198907177562753,0.9742561115316705,0.9771562148042617,0.9615255442521397,0.9574811620243326
4,0.9123084390185368,0.9180052984461808,0.9757078658124161,0.9781151754419543,0.9621335212342743,0.9565129208839596
