,G_ROC_AUC,G_AP_AUC,D_ROC_AUC,D_AP_AUC,B_ROC_AUC,B_AP_AUC
0,0.8069034871989917,0.8507228537057566,0.6561565399169922,0.7368416989875817,0.8034567901234567,0.7957507481036677
1,0.759140238969344,0.7937223469516438,0.6883392333984375,0.7451874458492677,0.6809876543209876,0.7227733367614773
2,0.8052080748044315,0.837537294130001,0.61688232421875,0.6655160460987215,0.7824691358024691,0.7817867223208737
3,0.8207939429297113,0.8571693450777785,0.6552162170410156,0.7154060243319447,0.8617283950617284,0.8888698388021549
4,0.7894014162817607,0.8284952043835095,0.6396369934082031,0.7163032458516798,0.9214814814814815,0.9379837042151491
