,G_ROC_AUC,G_AP_AUC,D_ROC_AUC,D_AP_AUC,B_ROC_AUC,B_AP_AUC
0,0.9672041503470805,0.9722238559639925,0.9714191614717951,0.9750433831668444,0.963545162284758,0.956462504895107
1,0.9637570858907359,0.9701042175150371,0.9637596309884522,0.9698936341024605,0.9645928979316217,0.9553175002271642
2,0.9650601149328485,0.9703355060120544,0.966628690015856,0.970788152110354,0.961590252638687,0.9516036492701347
3,0.965406958540286,0.9704338631264798,0.9652891337304554,0.9708170416031932,0.966190267318448,0.9584388450414756
4,0.9672055177511766,0.9726648200208144,0.9658398880024294,0.9701867971385221,0.9675438469781712,0.9588571049177816
