,G_ROC_AUC,G_AP_AUC,D_ROC_AUC,D_AP_AUC,B_ROC_AUC,B_AP_AUC
0,0.7251111204226283,0.7326528933895504,0.8980293273925781,0.903157970373864,0.7535802469135802,0.7464925985565687
1,0.7323810874491135,0.7611529639612391,0.8922519683837891,0.8973103206026414,0.7693827160493828,0.7938074899419402
2,0.6933205264158788,0.7279848959409545,0.8651542663574219,0.8688253899324865,0.6706172839506174,0.6838462333037468
3,0.7338138076190416,0.7445915613926137,0.9120731353759766,0.912857323024417,0.794074074074074,0.7949686163562821
4,0.7374786058939754,0.7567678710792783,0.9124488830566406,0.9125931624735762,0.677283950617284,0.6464240109269173
