,G_ROC_AUC,G_AP_AUC,D_ROC_AUC,D_AP_AUC,B_ROC_AUC,B_AP_AUC
0,0.9783370340971008,0.9784160855133649,0.9503572764506073,0.9598585553392965,0.983130547114693,0.9686642902551796
1,0.9780725559195366,0.9759557512057093,0.9541507877771997,0.9632283815886538,0.9830033851528897,0.9683073314802803
2,0.9784224243495135,0.9785897073657098,0.9533025297782077,0.964195147519245,0.9821880242509652,0.9665619821039582
3,0.9774193894008657,0.976693681407385,0.9514114452486248,0.9624310525728514,0.9828004873680657,0.96931590899508
4,0.9762342349284909,0.9758042011216495,0.9534686695956718,0.9653800514129094,0.982760981195226,0.9703665945893755
