,G_ROC_AUC,G_AP_AUC,D_ROC_AUC,D_AP_AUC,B_ROC_AUC,B_AP_AUC
0,0.7414175049138629,0.7876625448344108,0.6455399526788062,0.7275698646589293,0.76171875,0.7977869300784355
1,0.7298878483061625,0.7624899383293814,0.6794286734688817,0.76327817015312,0.62109375,0.672725018037518
2,0.7334582032604925,0.775095843942723,0.6354581574496158,0.720375566510398,0.90625,0.920754888493859
3,0.48383396924499944,0.5081682703278205,0.4491049151541907,0.5081785548788837,0.53515625,0.6296120366702264
4,0.48410452075384436,0.5061481635701357,0.4892436049424358,0.5391317897792851,0.49609375,0.5477475845410629
