,G_ROC_AUC,G_AP_AUC,D_ROC_AUC,D_AP_AUC,B_ROC_AUC,B_AP_AUC
0,0.7443033876748757,0.7617661297375233,0.9132395176611227,0.9146526582639449,0.8203125,0.758441148858769
1,0.7165961382818823,0.7312433896810318,0.8776692575929683,0.8853190982806793,0.90234375,0.9302359777903256
2,0.7622384090646317,0.7522401453629424,0.9175252106884391,0.9160891299384846,0.87890625,0.860916898620703
3,0.7518002081165452,0.7594410911803713,0.9057941180847319,0.9063082407892586,0.92578125,0.9261604714729715
4,0.7604671060238177,0.7818055106657908,0.9271928214641793,0.9332153519274294,0.74609375,0.6805436597716009
