,G_ROC_AUC,G_AP_AUC,D_ROC_AUC,D_AP_AUC,B_ROC_AUC,B_AP_AUC
0,0.8940077163826474,0.9129035906825694,0.8355751037597656,0.8291718347657221,0.9348148148148148,0.955249828814088
1,0.8750970994265896,0.8915083367775681,0.8199195861816406,0.8043236783290899,0.885432098765432,0.9175166164411146
2,0.883761108013241,0.894468697983559,0.8493461608886719,0.8524950942768685,0.893827160493827,0.9211034177325863
3,0.872724811361197,0.8806535541268279,0.8323898315429688,0.8396594753447773,0.928888888888889,0.9385944798101769
4,0.8681542889743399,0.8835818813981415,0.8238143920898438,0.8104946023355032,0.8469135802469137,0.9003626158047829
