,G_ROC_AUC,G_AP_AUC,D_ROC_AUC,D_AP_AUC,B_ROC_AUC,B_AP_AUC
0,0.8961558527779189,0.9062345372910282,0.9633479648065078,0.9651215805047192,0.9262057339146519,0.9019036155822466
1,0.8864597990351271,0.8993318162192797,0.9595130288709849,0.9615044836129958,0.91848887714508,0.8903443800099256
2,0.8896542731917373,0.8990567925950321,0.9689964606095486,0.9709187546091483,0.9397721818528795,0.9195198054976663
3,0.8957758228558106,0.9052256897742395,0.9620325415340684,0.9641731715552908,0.9297992219726662,0.9082457936609576
4,0.8212614011958088,0.8623193976119065,0.966416251740373,0.9682253843280407,0.9145717062286227,0.8840759380393215
